{
  "eye": {
    "orientation": [
      0.15733928978443146,
      0.1177547350525856,
      -0.17058183252811432,
      -0.9655464887619019
    ],
    "magnitude": 0.5773502588272095,
    "position": [
      -112.5688705444336,
      105.42047882080078,
      369.07269287109375
    ]
  },
  "radius": 200,
  "type": "PERSPECTIVE"
}